OID_,VARIABLES,IMPORTANCE,PERCENTAGE
0,USGS_13ARCSEC_DEM32,7.558306263280000,14.682000000000000
1,SLOPE_USGS_13ARCSEC_DEM32,7.675119179030000,14.909000000000001
2,USGS_LANDSAT8_NDVI32,9.637816793730000,18.722000000000001
3,TIGERLINE_EUCDIST_WATER32,8.465160450850000,16.443999999999999
4,PLAN_CURVATURE_USGS_13ARCSEC_DEM32,8.831995060630000,17.157000000000000
5,PROFILE_CURVATURE_USGS_13ARCSEC_DEM32,9.310533929589999,18.085999999999999
