OID_,VARIABLES,IMPORTANCE,PERCENTAGE
0,USGS_13ARCSEC_DEM32,72.134662503200005,15.439000000000000
1,SLOPE_USGS_13ARCSEC_DEM32,69.398237919400003,14.853000000000000
2,USGS_LANDSAT8_NDVI32,77.816819279300006,16.655000000000001
3,TIGERLINE_EUCDIST_WATER32,77.731516973500007,16.637000000000000
4,PLAN_CURVATURE_USGS_13ARCSEC_DEM32,86.892658484600005,18.597999999999999
5,PROFILE_CURVATURE_USGS_13ARCSEC_DEM32,83.253727975299995,17.818999999999999
